1	GWT Style, Configuration and JSNI Reference	2237	http://cdn.dzone.com/sites/all/files/refcardz/rc001-gwt_style_online.pdf	rc001-gwt_style_online.pdf
2	Getting Started with Ajax	2232	http://cdn.dzone.com/sites/all/files/refcardz/rc002-ajax_online.pdf	rc002-ajax_online.pdf
3	Getting Started with Eclipse	2238	http://cdn.dzone.com/sites/all/files/refcardz/rc003-eclipse_online.pdf	rc003-eclipse_online.pdf
4	Spring Configuration	2243	http://cdn.dzone.com/sites/all/files/refcardz/rc004-spring_online.pdf	rc004-spring_online.pdf
5	Windows PowerShell	3077	http://cdn.dzone.com/sites/all/files/refcardz/rc005-windowspowershell_online.pdf	rc005-windowspowershell_online.pdf
6	Dependency Injection in EJB 3	3086	http://cdn.dzone.com/sites/all/files/refcardz/rc006-ejb_online.pdf	rc006-ejb_online.pdf
7	jQuery Selectors	3088	http://cdn.dzone.com/sites/all/files/refcardz/rc007-jquery_online.pdf	rc007-jquery_online.pdf
8	Design Patterns	3091	http://cdn.dzone.com/sites/all/files/refcardz/rc008-designpatterns_online.pdf	rc008-designpatterns_online.pdf
9	Flexible Rails: Flex 3 on Rails 2	3624	http://cdn.dzone.com/sites/all/files/refcardz/rc009-flexiblerails_online.pdf	rc009-flexiblerails_online.pdf
10	Silverlight 2	3629	http://cdn.dzone.com/sites/all/files/refcardz/rc010-silverlight_online.pdf	rc010-silverlight_online.pdf
11	IntelliJ IDEA	3634	http://cdn.dzone.com/sites/all/files/refcardz/rc011-intellij_idea_online.pdf	rc011-intellij_idea_online.pdf
12	Getting Started with GlassFish Application Server v3	14321	http://cdn.dzone.com/sites/all/files/refcardz/rc012-010d-glassfish-appserver-update_1.pdf	rc012-010d-glassfish-appserver-update_1.pdf
13	RSS and Atom 	4086	http://cdn.dzone.com/sites/all/files/refcardz/rc013-010d-rssatom.pdf	rc013-010d-rssatom.pdf
14	NetBeans IDE 7: Programming in Java 7	43577	http://cdn.dzone.com/sites/all/files/refcardz/rc014-010d-netbeansIDE7-update.pdf	rc014-010d-netbeansIDE7-update.pdf
15	Groovy	4290	http://cdn.dzone.com/sites/all/files/refcardz/rc015-groovy_online.pdf	rc015-groovy_online.pdf
16	C#	4377	http://cdn.dzone.com/sites/all/files/refcardz/rc16-010d-csharp_1.pdf	rc16-010d-csharp_1.pdf
17	Very First Steps in Flex	4518	http://cdn.dzone.com/sites/all/files/refcardz/rc017-adobeflex_online.pdf	rc017-adobeflex_online.pdf
18	Core .NET	4673	http://cdn.dzone.com/sites/all/files/refcardz/rc018-corenet_online.pdf	rc018-corenet_online.pdf
19	Core CSS: Part I	4784	http://cdn.dzone.com/sites/all/files/refcardz/rc019-corecss1_online.pdf	rc019-corecss1_online.pdf
20	Struts2	4855	http://cdn.dzone.com/sites/all/files/refcardz/rc020-010d-struts2_0.pdf	rc020-010d-struts2_0.pdf
21	JavaServer Faces	4917	http://cdn.dzone.com/sites/all/files/refcardz/rc021-JSF_Online.pdf	rc021-JSF_Online.pdf
22	Getting Started with JPA	5110	http://cdn.dzone.com/sites/all/files/refcardz/rc022-JPA_Online.pdf	rc022-JPA_Online.pdf
23	PHP 5.4	122917	http://cdn.dzone.com/sites/all/files/refcardz/rc023-020d-PHP5.4.pdf	rc023-020d-PHP5.4.pdf
24	Core Java	5305	http://cdn.dzone.com/sites/all/files/refcardz/rc024-corejava_online.pdf	rc024-corejava_online.pdf
25	Core CSS: Part II	5351	http://cdn.dzone.com/sites/all/files/refcardz/rc025-corecss2_online.pdf	rc025-corecss2_online.pdf
26	Spring Annotations	5356	http://cdn.dzone.com/sites/all/files/refcardz/rc026-springannot_online.pdf	rc026-springannot_online.pdf
27	Getting Started with MyEclipse	5358	http://cdn.dzone.com/sites/all/files/refcardz/rc027-myeclipse_online.pdf	rc027-myeclipse_online.pdf
28	JUnit and EasyMock	5360	http://cdn.dzone.com/sites/all/files/refcardz/rc028-010d-junit_0.pdf	rc028-010d-junit_0.pdf
29	Essential Admin for MySQL 5.5 	5833	http://cdn.dzone.com/sites/all/files/refcardz/rc029-010d-Essential-Admin-MySQL5.5_1.pdf	rc029-010d-Essential-Admin-MySQL5.5_1.pdf
30	Essential Ruby	5969	http://cdn.dzone.com/sites/all/files/refcardz/rc030-010d-ruby.pdf	rc030-010d-ruby.pdf
31	Core Seam	6084	http://cdn.dzone.com/sites/all/files/refcardz/rc031-010d-seam_2.pdf	rc031-010d-seam_2.pdf
32	Getting Started with Hibernate Search	6132	http://cdn.dzone.com/sites/all/files/refcardz/rc032-010d-hibernate_search_0_1.pdf	rc032-010d-hibernate_search_0_1.pdf
33	Essential JSP Expression Language	6301	http://cdn.dzone.com/sites/all/files/refcardz/rc033-010d-jsp.pdf	rc033-010d-jsp.pdf
34	Core CSS: Part III	6442	http://cdn.dzone.com/sites/all/files/refcardz/rc034-010d-css3.pdf	rc034-010d-css3.pdf
35	Using XML in Java	6678	http://cdn.dzone.com/sites/all/files/refcardz/rc035-010d-xml.pdf	rc035-010d-xml.pdf
36	Core Mule	7393	http://cdn.dzone.com/sites/all/files/refcardz/rc040-010d-mule.pdf	rc040-010d-mule.pdf
37	Getting Started with Equinox and OSGi	7187	http://cdn.dzone.com/sites/all/files/refcardz/rc037-010d-equinox.pdf	rc037-010d-equinox.pdf
38	SOA Patterns	7030	http://cdn.dzone.com/sites/all/files/refcardz/rc038-010d-soa.pdf	rc038-010d-soa.pdf
39	Essential EMF	7545	http://cdn.dzone.com/sites/all/files/refcardz/rc039-010d-emf.pdf	rc039-010d-emf.pdf
40	Apache Tapestry 5.0	7691	http://cdn.dzone.com/sites/all/files/refcardz/rc040-010-d-tapestry_2.pdf	rc040-010-d-tapestry_2.pdf
41	SOA Governance	7948	http://cdn.dzone.com/sites/all/files/refcardz/rc041-010d-soa_governance.pdf	rc041-010d-soa_governance.pdf
42	Seam UI	8116	http://cdn.dzone.com/sites/all/files/refcardz/rc042-010d-seam_ui_6.pdf	rc042-010d-seam_ui_6.pdf
43	Scalability & High Availability	8236	http://cdn.dzone.com/sites/all/files/refcardz/rc043-010d-scalability_3.pdf	rc043-010d-scalability_3.pdf
44	JBoss RichFaces	8363	http://cdn.dzone.com/sites/all/files/refcardz/rc044-010d-richfaces_0.pdf	rc044-010d-richfaces_0.pdf
45	Agile Adoption: Decreasing Time to Market	8554	http://cdn.dzone.com/sites/all/files/refcardz/rc045-010d-agile_adoption.pdf	rc045-010d-agile_adoption.pdf
46	Core ASP.NET	8751	http://cdn.dzone.com/sites/all/files/refcardz/rc046-010d-core_asp_net.pdf	rc046-010d-core_asp_net.pdf
47	The Top Twelve Integration Patterns for Apache Camel	36579	http://cdn.dzone.com/sites/all/files/refcardz/rc047-010d-camel-update_5.pdf	rc047-010d-camel-update_5.pdf
48	Flex & Spring Integration	9247	http://cdn.dzone.com/sites/all/files/refcardz/rc048-010d-flex-spring-integration.pdf	rc048-010d-flex-spring-integration.pdf
49	BIRT 3.7 Report Design: Eclipse-Based BI and Big Data Visualization	60797	http://cdn.dzone.com/sites/all/files/refcardz/rc049-010d-birtupdated.pdf	rc049-010d-birtupdated.pdf
50	Scrum	9677	http://cdn.dzone.com/sites/all/files/refcardz/rc050-010d-scrum_2.pdf	rc050-010d-scrum_2.pdf
51	Effective Process Modeling with BPM & BPMN	9965	http://cdn.dzone.com/sites/all/files/refcardz/rc051-010d-bpm_bpmn.pdf	rc051-010d-bpm_bpmn.pdf
52	IntelliJ IDEA: Updated for 8.1	10151	http://cdn.dzone.com/sites/all/files/refcardz/rc052-010d-intellij_update_0.pdf	rc052-010d-intellij_update_0.pdf
53	Getting Started with db4o: Persisting .NET Object Data	10401	http://cdn.dzone.com/sites/all/files/refcardz/rc053-010d-db4o_1.pdf	rc053-010d-db4o_1.pdf
54	Agile Adoption: Reducing Cost	10539	http://cdn.dzone.com/sites/all/files/refcardz/rc054-010d-agile_adoption-reducecost.pdf	rc054-010d-agile_adoption-reducecost.pdf
55	Apache Maven 2	10714	http://cdn.dzone.com/sites/all/files/refcardz/rc055-010d-apachemaven-1.pdf	rc055-010d-apachemaven-1.pdf
56	Getting Started with JavaFX	10828	http://cdn.dzone.com/sites/all/files/refcardz/rc056-010d-javafx_0.pdf	rc056-010d-javafx_0.pdf
57	Getting Started with Spring-DM	11004	http://cdn.dzone.com/sites/all/files/refcardz/rc057-010d-springdm_0.pdf	rc057-010d-springdm_0.pdf
58	JavaServer Faces 2.0	11109	http://cdn.dzone.com/sites/all/files/refcardz/rc058-010d-jsf2.pdf	rc058-010d-jsf2.pdf
59	Getting Started with Drupal 7	11237	http://cdn.dzone.com/sites/all/files/refcardz/rc59-Drupal-update_2.pdf	rc59-Drupal-update_2.pdf
60	Getting Started with Grails	11411	http://cdn.dzone.com/sites/all/files/refcardz/rc060-010d-getting-started-grails_2.pdf	rc060-010d-getting-started-grails_2.pdf
61	Core Java Concurrency	11507	http://cdn.dzone.com/sites/all/files/refcardz/rc061-010d-java_concurrency_1.pdf	rc061-010d-java_concurrency_1.pdf
62	Getting Started with Eclipse RCP	11739	http://cdn.dzone.com/sites/all/files/refcardz/rc062-010-eclipse_rcp_0.pdf	rc062-010-eclipse_rcp_0.pdf
63	Getting Started with Apache Wicket	11873	http://cdn.dzone.com/sites/all/files/refcardz/rc063-010d-apache_wicket_1.pdf	rc063-010d-apache_wicket_1.pdf
64	Core HTML	12006	http://cdn.dzone.com/sites/all/files/refcardz/rc064-010d-core_html_1.pdf	rc064-010d-core_html_1.pdf
65	ServiceMix 4.2: The Apache Open Source ESB	34673	http://cdn.dzone.com/sites/all/files/refcardz/rc065-010d-servicemix-update42_0.pdf	rc065-010d-servicemix-update42_0.pdf
66	Getting Started with ColdFusion 9	12236	http://cdn.dzone.com/sites/all/files/refcardz/rc066-010d-coldfusion9_2.pdf	rc066-010d-coldfusion9_2.pdf
67	Getting Started with Selenium	12353	http://cdn.dzone.com/sites/all/files/refcardz/rc067-010d-selenium-1.pdf	rc067-010d-selenium-1.pdf
68	Getting Started with Oracle Berkeley DB	12484	http://cdn.dzone.com/sites/all/files/refcardz/rc068-010-oracle-berkeley-db.pdf	rc068-010-oracle-berkeley-db.pdf
69	Getting Started with ASP.NET MVC 1.0	12637	http://cdn.dzone.com/sites/all/files/refcardz/rc069-010d-asp_net_mvc-1.pdf	rc069-010d-asp_net_mvc-1.pdf
70	Eclipse Plug-in Development	12742	http://cdn.dzone.com/sites/all/files/refcardz/rc070-010d-eclipse-plugin-dev_0.pdf	rc070-010d-eclipse-plugin-dev_0.pdf
71	Essential PostgreSQL	12841	http://cdn.dzone.com/sites/all/files/refcardz/rc071-010d-postgresql_0.pdf	rc071-010d-postgresql_0.pdf
72	Getting Started with Windows Presentation Foundation	12947	http://cdn.dzone.com/sites/all/files/refcardz/rc072-010d-wpf_0.pdf	rc072-010d-wpf_0.pdf
73	Getting Started with LiveCycle Data Services ES	13048	http://cdn.dzone.com/sites/all/files/refcardz/rc073-010d-lcds_0.pdf	rc073-010d-lcds_0.pdf
74	Agile Adoption: Improving Software Quality	13299	http://cdn.dzone.com/sites/all/files/refcardz/rc074-010d-agile_improve_quality.pdf	rc074-010d-agile_improve_quality.pdf
75	Getting Started with BlazeDS	13511	http://cdn.dzone.com/sites/all/files/refcardz/rc075-010d-blazeds_0.pdf	rc075-010d-blazeds_0.pdf
76	Getting Started with Domain-Driven Design	13745	http://cdn.dzone.com/sites/all/files/refcardz/rc076-010d-domain-driven-design_2.pdf	rc076-010d-domain-driven-design_2.pdf
77	Core WS-BPEL: Business Process Execution Language	14073	http://cdn.dzone.com/sites/all/files/refcardz/rc077-010d-bpel.pdf	rc077-010d-bpel.pdf
78	Getting Started with Virtualization	14883	http://cdn.dzone.com/sites/all/files/refcardz/rc078-010d-virtualization_1.pdf	rc078-010d-virtualization_1.pdf
79	Google App Engine for Java	15197	http://cdn.dzone.com/sites/all/files/refcardz/rc079-010d-google-app-engine-4.pdf	rc079-010d-google-app-engine-4.pdf
80	NetBeans Platform 7.0: A Framework for Building Pluggable Enterprise Applications	37739	http://cdn.dzone.com/sites/all/files/refcardz/rc080-010d-NetBeansPlat7-update.pdf	rc080-010d-NetBeansPlat7-update.pdf
81	Essential F#	16267	http://cdn.dzone.com/sites/all/files/refcardz/rc081-010d-fsharp.pdf	rc081-010d-fsharp.pdf
82	Getting Started with Cloud Computing	16541	http://cdn.dzone.com/sites/all/files/refcardz/rc082-010d-cloud-computing-1.pdf	rc082-010d-cloud-computing-1.pdf
83	Contexts and Dependency Injection for the Java EE Platform	16925	http://cdn.dzone.com/sites/all/files/refcardz/rc083-010d-cdi-java_5.pdf	rc083-010d-cdi-java_5.pdf
84	Continuous Integration: Patterns and Anti-patterns	16959	http://cdn.dzone.com/sites/all/files/refcardz/rc084-010d-continuous-integration_1_0.pdf	rc084-010d-continuous-integration_1_0.pdf
85	Vaadin: A Familiar Way to Build Web Apps with Java	40705	http://cdn.dzone.com/sites/all/files/refcardz/rc085-010d-vaadin7.pdf	rc085-010d-vaadin7.pdf
86	Spring Web Flow	17863	http://cdn.dzone.com/sites/all/files/refcardz/rc086-010d-springwebflow.pdf	rc086-010d-springwebflow.pdf
87	Continuous Integration: Servers and Tools	18527	http://cdn.dzone.com/sites/all/files/refcardz/rc087-010d-ci_servers_tools_0.pdf	rc087-010d-ci_servers_tools_0.pdf
88	Getting Started with Caucho Resin	18899	http://cdn.dzone.com/sites/all/files/refcardz/rc088-010d-caucho_resin_1.pdf	rc088-010d-caucho_resin_1.pdf
89	Getting Started with the Zend Framework	19239	http://cdn.dzone.com/sites/all/files/refcardz/rc089-010d-zendframework-2.pdf	rc089-010d-zendframework-2.pdf
90	Getting Started with Adobe ColdFusion Builder	19601	http://cdn.dzone.com/sites/all/files/refcardz/rc090-010d-coldfusion_builder.pdf	rc090-010d-coldfusion_builder.pdf
91	Getting Started with Adobe Flash Builder 4	19969	http://cdn.dzone.com/sites/all/files/refcardz/rc091-010d-flashbuilder4.pdf	rc091-010d-flashbuilder4.pdf
92	Getting Started with Silverlight and Expression Blend	20371	http://cdn.dzone.com/sites/all/files/refcardz/rc092-010d-silverlightblend_1.pdf	rc092-010d-silverlightblend_1.pdf
93	Getting Started with Lean Software Development	20647	http://cdn.dzone.com/sites/all/files/refcardz/rc093-010d-leadsd_0.pdf	rc093-010d-leadsd_0.pdf
94	Getting Started with Git	21049	http://cdn.dzone.com/sites/all/files/refcardz/rc094-020d-Git_2.pdf	rc094-020d-Git_2.pdf
95	Getting Started with Java GUI Development	21369	http://cdn.dzone.com/sites/all/files/refcardz/rc095-010d-javaguidev_1.pdf	rc095-010d-javaguidev_1.pdf
96	Getting Started with PHP and Flex	41693	http://cdn.dzone.com/sites/all/files/refcardz/rc96-010D-FlashBuilderFlexPHP-update_1.pdf	rc96-010D-FlashBuilderFlexPHP-update_1.pdf
97	Getting Started with JBoss Enterprise Application Platform 5	22213	http://cdn.dzone.com/sites/all/files/refcardz/rc097-010d-jbosseap_2.pdf	rc097-010d-jbosseap_2.pdf
98	Getting Started with Maven Repository Management	22557	http://cdn.dzone.com/sites/all/files/refcardz/rc098-010d-repositorymanagement_0.pdf	rc098-010d-repositorymanagement_0.pdf
99	Getting Started with Java EE Security	22841	http://cdn.dzone.com/sites/all/files/refcardz/rc099-010d-javaeesecurity_5.pdf	rc099-010d-javaeesecurity_5.pdf
100	Getting Started with Fitnesse	23191	http://cdn.dzone.com/sites/all/files/refcardz/rc100-010d-fitnesse_1.pdf	rc100-010d-fitnesse_1.pdf
101	JDBC Best Practices	23827	http://cdn.dzone.com/sites/all/files/refcardz/rc101-010d-jdbc_0.pdf	rc101-010d-jdbc_0.pdf
102	Flex 4 and Spring 3 Integration	24153	http://cdn.dzone.com/sites/all/files/refcardz/rc102-010d-flex4spring3int_1.pdf	rc102-010d-flex4spring3int_1.pdf
103	Leveraging ColdFusion 9 Exposed Services from Java	24471	http://cdn.dzone.com/sites/all/files/refcardz/rc103-010d-cfaas.pdf	rc103-010d-cfaas.pdf
104	Getting Started with Apache Ant	24765	http://cdn.dzone.com/sites/all/files/refcardz/rc104-010d-apacheant_1.pdf	rc104-010d-apacheant_1.pdf
105	Getting Started with NoSQL and Data Scalability	25105	http://cdn.dzone.com/sites/all/files/refcardz/rc105-010d-nosql.pdf	rc105-010d-nosql.pdf
106	Expression-Based Authorization with Spring Security 3	25493	http://cdn.dzone.com/sites/all/files/refcardz/rc106-010d-springsecurity_2.pdf	rc106-010d-springsecurity_2.pdf
107	Getting Started with Griffon	25785	http://cdn.dzone.com/sites/all/files/refcardz/rc107-010d-griffon_1.pdf	rc107-010d-griffon_1.pdf
108	Getting Started with Firebug 1.5	26129	http://cdn.dzone.com/sites/all/files/refcardz/rc108-010d-firebug.pdf	rc108-010d-firebug.pdf
109	Getting Started with Kanban for Software Development	26621	http://cdn.dzone.com/sites/all/files/refcardz/rc109-010d-kanban_8.pdf	rc109-010d-kanban_8.pdf
110	Objective-C for the iPhone and iPad	26935	http://cdn.dzone.com/sites/all/files/refcardz/rc110-010d-objective-c_0.pdf	rc110-010d-objective-c_0.pdf
111	Getting Started with Windows Communication Foundation 4.0	27343	http://cdn.dzone.com/sites/all/files/refcardz/rc111-010d-wcf.pdf	rc111-010d-wcf.pdf
112	Getting Started with UML	27717	http://cdn.dzone.com/sites/all/files/refcardz/rc112-010d-uml.pdf	rc112-010d-uml.pdf
113	Getting Started with Adobe Flash Catalyst	28127	http://cdn.dzone.com/sites/all/files/refcardz/rc113-010d-flashcat_0.pdf	rc113-010d-flashcat_0.pdf
114	Application Prototyping with SketchFlow	28467	http://cdn.dzone.com/sites/all/files/refcardz/rc114-010d-application-prototyping_1.pdf	rc114-010d-application-prototyping_1.pdf
115	Getting Started with Infinispan	28735	http://cdn.dzone.com/sites/all/files/refcardz/rc115-010d-infinispan_0.pdf	rc115-010d-infinispan_0.pdf
116	Adobe ColdFusion Web Services for PHP Programmers	29045	http://cdn.dzone.com/sites/all/files/refcardz/rc116-010d-coldfusionws_php.pdf	rc116-010d-coldfusionws_php.pdf
117	Getting Started with Apache Hadoop	29363	http://cdn.dzone.com/sites/all/files/refcardz/rc117-010d-apache_hadoop.pdf	rc117-010d-apache_hadoop.pdf
118	Getting Started with Visual Studio 2010	29773	http://cdn.dzone.com/sites/all/files/refcardz/rc118-010d-visualstudio10.pdf	rc118-010d-visualstudio10.pdf
119	Getting Started with Application Lifecycle Management	29959	http://cdn.dzone.com/sites/all/files/refcardz/rc119-010d-alm_1.pdf	rc119-010d-alm_1.pdf
120	Apache Solr: Getting Optimal Search Results	30283	http://cdn.dzone.com/sites/all/files/refcardz/rc120-010d-solr_0.pdf	rc120-010d-solr_0.pdf
121	Open Source Media Framework: Building Simple Custom Video Players	30653	http://cdn.dzone.com/sites/all/files/refcardz/rc121-010d-osmf_0.pdf	rc121-010d-osmf_0.pdf
122	Functional Programming with Clojure: Simple Concurrency on the JVM	30953	http://cdn.dzone.com/sites/all/files/refcardz/rc122-010d-clojure.pdf	rc122-010d-clojure.pdf
123	HTML5: New Standards for Web Interactivity	31223	http://cdn.dzone.com/sites/all/files/refcardz/rc123-010d-html5_1.pdf	rc123-010d-html5_1.pdf
124	PHPUnit: PHP Test-Driven Development - Automated Tools to Improve Your PHP Code Quality	31523	http://cdn.dzone.com/sites/all/files/refcardz/rc124-010d-phpunit_1.pdf	rc124-010d-phpunit_1.pdf
125	Selenium 2.0: Using the WebDriver API to Create Robust User Acceptance Tests	31797	http://cdn.dzone.com/sites/all/files/refcardz/rc125-010d-selenium2_6.pdf	rc125-010d-selenium2_6.pdf
126	Liferay Essentials: A Definitive Guide for Enterprise Portal Development	32343	http://cdn.dzone.com/sites/all/files/refcardz/rc126_liferay_essentials_2.pdf	rc126_liferay_essentials_2.pdf
127	Developing a Silverlight Application for Windows Phone 7	32633	http://cdn.dzone.com/sites/all/files/refcardz/rc127-010d-wp7.pdf	rc127-010d-wp7.pdf
128	What's New in JPA 2.0	32949	http://cdn.dzone.com/sites/all/files/refcardz/rc128-010d-jpa2_0.pdf	rc128-010d-jpa2_0.pdf
129	REST: Foundations of RESTful Architecture	33723	http://cdn.dzone.com/sites/all/files/refcardz/rc129-010d-rest_1.pdf	rc129-010d-rest_1.pdf
130	Designing Quality Software: Architectural and Technical Best Practices	34051	http://cdn.dzone.com/sites/all/files/refcardz/rc130-010d-designing-quality_0.pdf	rc130-010d-designing-quality_0.pdf
131	ADO.NET Entity Framework: Object-Relational Mapping and Data Access	34355	http://cdn.dzone.com/sites/all/files/refcardz/rc131-010d-adonet-ef.pdf	rc131-010d-adonet-ef.pdf
132	Mastering Portals with a Portlet Bridge	35011	http://cdn.dzone.com/sites/all/files/refcardz/rc132-010d-portalbridge.pdf	rc132-010d-portalbridge.pdf
133	Apache Hadoop Deployment: A Blueprint for Reliable Distributed Computing	35283	http://cdn.dzone.com/sites/all/files/refcardz/rc133-010d-deploying-hadoop_1.pdf	rc133-010d-deploying-hadoop_1.pdf
134	Cloud Computing with Windows Azure Platform	35943	http://cdn.dzone.com/sites/all/files/refcardz/rc134-010d-windows-azure.pdf	rc134-010d-windows-azure.pdf
135	The MVVM Design Pattern: A Formula for Elegant, Maintainable Mobile Apps	36273	http://cdn.dzone.com/sites/all/files/refcardz/rc135-010d-mvvm.pdf	rc135-010d-mvvm.pdf
136	WebMatrix: Advanced Web Development Made Simple	36935	http://cdn.dzone.com/sites/all/files/refcardz/rc136-010d-webmatrix_3.pdf	rc136-010d-webmatrix_3.pdf
137	Understanding Lucene: Powering Better Search Results	37143	http://cdn.dzone.com/sites/all/files/refcardz/rc137-010d-lucene_0.pdf	rc137-010d-lucene_0.pdf
138	RichFaces 4.0: A Next Generation JSF Framework	38169	http://cdn.dzone.com/sites/all/files/refcardz/rc138-010d-richfaces4.pdf	rc138-010d-richfaces4.pdf
139	Spring Roo: Making Java Fun Again	38521	http://cdn.dzone.com/sites/all/files/refcardz/rc139-010d-springroo.pdf	rc139-010d-springroo.pdf
140	Mule 3.3: Simplifying SOA	117111	http://cdn.dzone.com/sites/all/files/refcardz/rc140-update-Mule3.3_0.pdf	rc140-update-Mule3.3_0.pdf
141	Node.js: Building for Scalability with Server-Side JavaScript	39415	http://cdn.dzone.com/sites/all/files/refcardz/rc141-010d-nodejs_3.pdf	rc141-010d-nodejs_3.pdf
142	Adobe Flash Builder 4.5: Develop for Web, Desktop and Mobile	39715	http://cdn.dzone.com/sites/all/files/refcardz/rc142-010d-flashbuilder45_1.pdf	rc142-010d-flashbuilder45_1.pdf
143	ColdFusion Builder 2: Faster Coding, Less Errors	40221	http://cdn.dzone.com/sites/all/files/refcardz/rc143-010d-cfbuilder2_0.pdf	rc143-010d-cfbuilder2_0.pdf
144	EclipseLink JPA: An Advanced ORM Persistence Framework	41049	http://cdn.dzone.com/sites/all/files/refcardz/rc144-010d-eclipselinkjpa-3_1.pdf	rc144-010d-eclipselinkjpa-3_1.pdf
145	Continuous Delivery: Patterns and Antipatterns in the Software Lifecycle	42229	http://cdn.dzone.com/sites/all/files/refcardz/rc145-010d-continuousdelivery_0.pdf	rc145-010d-continuousdelivery_0.pdf
146	Flex Mobile Development: Build Apps for Android, iOS, and BlackBerry Tablet OS	42813	http://cdn.dzone.com/sites/all/files/refcardz/rc146-010d-flexmobiledevelopment.pdf	rc146-010d-flexmobiledevelopment.pdf
147	Eclipse Tools for Spring: The SpringSource Tool Suite	43243	http://cdn.dzone.com/sites/all/files/refcardz/rc147-010d-springsts.pdf	rc147-010d-springsts.pdf
148	Mastering Portal UI Development With Vaadin and Liferay	43989	http://cdn.dzone.com/sites/all/files/refcardz/rc148-010d-uivaadinliferay_0.pdf	rc148-010d-uivaadinliferay_0.pdf
149	Chef: An Open Source Tool for Scalable Cloud and Data Center Automation	44701	http://cdn.dzone.com/sites/all/files/refcardz/rc149-010d-chef.pdf	rc149-010d-chef.pdf
150	Java Enterprise Edition 6: The Most Elegant Enterprise Java yet	46193	http://cdn.dzone.com/sites/all/files/refcardz/rc150-010d-jee6.pdf	rc150-010d-jee6.pdf
151	HTML5 Canvas: A Web Standard for Dynamic Graphics	56223	http://cdn.dzone.com/sites/all/files/refcardz/rc151-010d-html5-canvas.pdf	rc151-010d-html5-canvas.pdf
152	HTML5 WebSocket: Full-duplex Real-time Web Communication	111663	http://cdn.dzone.com/sites/all/files/refcardz/rc152-010d-Websocket_2.pdf	rc152-010d-Websocket_2.pdf
153	Apache Cassandra: A Fault-Tolerant, Massively Scalable NoSQL Database	112009	http://cdn.dzone.com/sites/all/files/refcardz/RC153-010d-Cassandra.pdf	RC153-010d-Cassandra.pdf
154	Jetty: A Lightweight, Open-Source Web Server and Servlet Container	112781	http://cdn.dzone.com/sites/all/files/refcardz/rc154U-010d-Jetty.pdf	rc154U-010d-Jetty.pdf
155	Mockito: A Simple, Intuitive Mocking Framework	113391	http://cdn.dzone.com/sites/all/files/refcardz/rc155-010d-Mockito_4.pdf	rc155-010d-Mockito_4.pdf
156	JavaFX 2.0: A Rich Client Platform for Java	114205	http://cdn.dzone.com/sites/all/files/refcardz/rc156U-010d-JavaFX_1.pdf	rc156U-010d-JavaFX_1.pdf
157	Database Partitioning with MySQL: Improving Performance, Availability, and Manageability	114797	http://cdn.dzone.com/sites/all/files/refcardz/rc157-010d-DBPartitioning_2.pdf	rc157-010d-DBPartitioning_2.pdf
158	Big Data Machine Learning: Patterns for Predictive Analytics	115327	http://cdn.dzone.com/sites/all/files/refcardz/rc158-010d-MachineLearning_1.pdf	rc158-010d-MachineLearning_1.pdf
159	Apache HBase: The NoSQL Database for Hadoop and Big Data	115645	http://cdn.dzone.com/sites/all/files/refcardz/rc159-HBase_7.pdf	rc159-HBase_7.pdf
160	Data Warehousing: Best Practices for Collecting, Storing, and Delivering Decision-Support Data	116619	http://cdn.dzone.com/sites/all/files/refcardz/rc160_DataWarehousing.pdf	rc160_DataWarehousing.pdf
161	Jenkins on PaaS: Continuous Integration with Jenkins for Java Projects	117881	http://cdn.dzone.com/sites/all/files/refcardz/rc161-JenkinsonPaaS.pdf	rc161-JenkinsonPaaS.pdf
162	Java Profiling with VisualVM: X-Ray Vision for Dramatic Performance Gains	118891	http://cdn.dzone.com/sites/all/files/refcardz/rc162-VisualVM_0.pdf	rc162-VisualVM_0.pdf
163	Code Gems for Android Developers: Working with the World's Most Popular Mobile OS	119155	http://cdn.dzone.com/sites/all/files/refcardz/android_refcard_163_0.pdf	android_refcard_163_0.pdf
164	Getting Started with Scala	119971	http://cdn.dzone.com/sites/all/files/refcardz/rc164-010d-scala.pdf	rc164-010d-scala.pdf
165	Deployment Automation Patterns 	122113	http://cdn.dzone.com/sites/all/files/refcardz/rc165-DAP_3.pdf	rc165-DAP_3.pdf
166	Patterns of Modular Architecture	123483	http://cdn.dzone.com/sites/all/files/refcardz/rc166-010d-ModularityPatterns_0.pdf	rc166-010d-ModularityPatterns_0.pdf
167	Software Configuration Management Patterns	123807	http://cdn.dzone.com/sites/all/files/refcardz/rc167-010d-SCMPatterns.pdf	rc167-010d-SCMPatterns.pdf
168	Refactoring Patterns	124443	http://cdn.dzone.com/sites/all/files/refcardz/rc168-010d-Refactoring.pdf	rc168-010d-Refactoring.pdf
169	Essential Apache HTTP Server	126359	http://cdn.dzone.com/sites/all/files/refcardz/rc169-010d-ApacheHTTPD_1.pdf	rc169-010d-ApacheHTTPD_1.pdf
170	Camel Essential Components	126825	http://cdn.dzone.com/sites/all/files/refcardz/rc170-010d-camel_0.pdf	rc170-010d-camel_0.pdf
171	MongoDB	127489	http://cdn.dzone.com/sites/all/files/refcardz/rc171-010d-mongodb.pdf	rc171-010d-mongodb.pdf
172	HTTP: The Hypertext Transfer Protocol	128095	http://cdn.dzone.com/sites/all/files/refcardz/rc172-010d-HTTP_0.pdf	rc172-010d-HTTP_0.pdf
173	Core JSON: The Fat Free Alternative to XML	129019	http://cdn.dzone.com/sites/all/files/refcardz/rc173-010d-JSON_3.pdf	rc173-010d-JSON_3.pdf
174	Object-Oriented JavaScript: Advanced Techniques for Serious Web Applications	130445	http://cdn.dzone.com/sites/all/files/refcardz/rc174-010d-Object-oriented-js_4.pdf	rc174-010d-Object-oriented-js_4.pdf
175	Core Dart: The Next-Generation Client-Side Web Programming Language	131201	http://cdn.dzone.com/sites/all/files/refcardz/rc175-010d-dart_1.pdf	rc175-010d-dart_1.pdf
176	Essential Couchbase APIs: Open Source NoSQL Data Access from Java, Ruby, and .NET	131699	http://cdn.dzone.com/sites/all/files/refcardz/rc176-010d-couchbaseAPI_2.pdf	rc176-010d-couchbaseAPI_2.pdf
177	HTML5 Web Workers: Multithreaded JavaScript for High-Performance Web Applications	132399	http://cdn.dzone.com/sites/all/files/refcardz/rc177-010d-HTML5-webworkers_0.pdf	rc177-010d-HTML5-webworkers_0.pdf
178	Git Patterns and Anti-Patterns: Scaling from Workgroup to Enterprise	133519	http://cdn.dzone.com/sites/all/files/refcardz/rc178-010d-Git-patterns-antipatterns_0.pdf	rc178-010d-Git-patterns-antipatterns_0.pdf
179	Sencha Touch	135295	http://cdn.dzone.com/sites/all/files/refcardz/rc179-010d-Sencha-Touch_1.pdf	rc179-010d-Sencha-Touch_1.pdf
180	Preparing for Continuous Delivery	136205	http://cdn.dzone.com/sites/all/files/refcardz/rc180-010d-continuous-delivery_5.pdf	rc180-010d-continuous-delivery_5.pdf
181	Binary Repository Management: Patterns for Performance, Security, and Traceability	135291	http://cdn.dzone.com/sites/all/files/refcardz/rc181-010d-repo-management_1.pdf	rc181-010d-repo-management_1.pdf
182	Practical DNS: Managing Domains for Safety, Reliability, and Speed	136249	http://cdn.dzone.com/sites/all/files/refcardz/rc182-010d-DNS.pdf	rc182-010d-DNS.pdf
183	Data Mining: Discovering and Visualizing Patterns with Python	138607	http://cdn.dzone.com/sites/all/files/refcardz/rc183-010d-data-mining_1.pdf	rc183-010d-data-mining_1.pdf
184	Core Spring Data	139297	http://cdn.dzone.com/sites/all/files/refcardz/rc184-010d-Spring-Data.pdf	rc184-010d-Spring-Data.pdf
185	Getting Started with Subversion	140033	http://cdn.dzone.com/sites/all/files/refcardz/rc185-010d-subversion_0.pdf	rc185-010d-subversion_0.pdf
186	HTML5 Mobile Development	142797	http://cdn.dzone.com/sites/all/files/refcardz/rc186-010d-html5-mobile_1.pdf	rc186-010d-html5-mobile_1.pdf
187	Spring Batch	143631	http://cdn.dzone.com/sites/all/files/refcardz/rc187-010d-spring-batch_1.pdf	rc187-010d-spring-batch_1.pdf
188	Business Rules Management with Drools	147239	http://cdn.dzone.com/sites/all/files/refcardz/rc188-010d-drools.pdf	rc188-010d-drools.pdf
189	Core C++	147975	http://cdn.dzone.com/sites/all/files/refcardz/rc189-010d-CPP.pdf	rc189-010d-CPP.pdf
190	Essential PostGIS	150729	http://cdn.dzone.com/sites/all/files/refcardz/rc190-010d-EssentialPostGIS_1.pdf	rc190-010d-EssentialPostGIS_1.pdf
191	Getting Started with PhoneGap	144423	http://cdn.dzone.com/sites/all/files/refcardz/rc191-010d-phonegap.pdf	rc191-010d-phonegap.pdf
192	CSS3: Basics	153459	http://cdn.dzone.com/sites/all/files/refcardz/rc192-010d-css3_basics.pdf	rc192-010d-css3_basics.pdf
193	Core Python	154705	http://cdn.dzone.com/sites/all/files/refcardz/rc193-010d-Python_2.pdf	rc193-010d-Python_2.pdf
194	Search Patterns	154679	http://cdn.dzone.com/sites/all/files/refcardz/rc193-010-CloudSearch4.pdf	rc193-010-CloudSearch4.pdf
195	HTML5 IndexedDB	144965	http://cdn.dzone.com/sites/all/files/refcardz/rc1xx-010d-HTML5-IndexedDB_0.pdf	rc1xx-010d-HTML5-IndexedDB_0.pdf
196	Regular Expressions	144969	http://cdn.dzone.com/sites/all/files/refcardz/rc196-010d-regex_1.pdf	rc196-010d-regex_1.pdf
197	Spring Integration	160283	http://cdn.dzone.com/sites/all/files/refcardz/rc197-010-SpringIntegration_0.pdf	rc197-010-SpringIntegration_0.pdf
198	Java Enterprise Edition 7: Streamlining Modern Java Development	166547	http://cdn.dzone.com/sites/all/files/refcardz/rc198-010d-JavaEE7_0.pdf	rc198-010d-JavaEE7_0.pdf
199	Debugging JavaScript	171969	http://cdn.dzone.com/sites/all/files/refcardz/rc199-010-DebuggingJavascript_3.pdf	rc199-010-DebuggingJavascript_3.pdf
200	Java Performance Optimization	172851	http://cdn.dzone.com/sites/all/files/refcardz/rc200-010d-java_performance_optimization_0.pdf	rc200-010d-java_performance_optimization_0.pdf
201	Reactive Programming with Akka	173401	http://cdn.dzone.com/sites/all/files/refcardz/rc201-010d-reactive_programming_akka.pdf	rc201-010d-reactive_programming_akka.pdf
202	Getting Started with Play Framework	174571	http://cdn.dzone.com/sites/all/files/refcardz/Getting Started With Play Framework (2).pdf	Getting Started With Play Framework (2).pdf
203	Querying Graphs with Neo4j	180501	http://cdn.dzone.com/sites/all/files/refcardz/rc203-010d-graphdb_2.pdf	rc203-010d-graphdb_2.pdf
204	Apache Spark	182893	http://cdn.dzone.com/sites/all/files/refcardz/rd204-010d-spark_0.pdf	rd204-010d-spark_0.pdf
205	PHP 5.5 and 5.6	202233	http://cdn.dzone.com/sites/all/files/refcardz/DZone_RC_PHP.pdf	DZone_RC_PHP.pdf
206	AngularJS	203379	http://cdn.dzone.com/sites/all/files/refcardz/rc206-010d-angularjs.pdf	rc206-010d-angularjs.pdf
207	Cloud Foundry	204153	http://cdn.dzone.com/sites/all/files/refcardz/rc207_010d-cloud-foundry_0.pdf	rc207_010d-cloud-foundry_0.pdf
208	OpenStack	204945	http://cdn.dzone.com/sites/all/files/refcardz/rc208_010d-openstack_2.pdf	rc208_010d-openstack_2.pdf
